{"train/critic/adv_loss":-0.25868888351804403,"train/generator/energy_loss":180.6194982109145,"train/critic/loss":-0.054749696859701595,"train/generator/adv_loss":0.055187049709830384,"epoch":1,"train/generator/weighted_energy_loss":0.1806194982109145,"summary_metrics":{"sha256":"6125768d045ac9885c0d13e702c24e48037688ebd2449cb3b0890f47b6442f58","_latest_artifact_path":"wandb-client-artifact://ey53meadn7he241aqafvc89zocjgt6gmej8gsl91ob9bo8ypr9gmj662hkgz7igg4kbnuj8658hb7nbl07nir1amemcg7xj7adp0yggl4vzmr8rdfya53m9c0moxkgmz:latest/summary_metrics.table.json","size":1237,"artifact_path":"wandb-client-artifact://h2nhtpkx4plvcv01iia9f3vh64djgzsysqgrusyddw2utdlf2r7ugs5vjwhy1j883ddacm4fxl6tgl02g87xex5e851kv1wdmyo87alnu5bn4omr94ffdeel1lkaemse/summary_metrics.table.json","log_mode":"IMMUTABLE","_type":"table-file","ncols":27,"nrows":1,"path":"media/table/summary_metrics_0_6125768d045ac9885c0d.table.json"},"train/generator/loss":0.23597540264644673,"_step":1,"train/discriminator/grad_norm":0.34213217887104563,"_timestamp":1.7789369110980778e+09,"train/regularizer/loss":0,"_runtime":491,"train/generator/grad_norm":1.2360758055173753,"_wandb":{"runtime":491}}