{"train/critic/adv_loss":-0.00018797537257737588,"train/generator/grad_norm":0.003887669623452797,"_wandb":{"runtime":240},"_step":19,"summary_metrics":{"_type":"table-file","artifact_path":"wandb-client-artifact://38c04ree3gwb6idkzbrin3obmqqls4wrkh6241b8u2yfptf9wukexji52pk90wdilzilp469vtfoer2apbn8ej5y7xk7n7t4lr8g3zx1gfyrocib5alyebb4fkz1mx4d/summary_metrics.table.json","nrows":1,"_latest_artifact_path":"wandb-client-artifact://p2ianviyptsa0saplzab2n4mfzou2tp1k1tnpvrqb9dsnwzirxvkwg687lqg0pmm0l568us7p4j0s851fzh5gm755sg85karifm90o56vdycsal2avkys53gqarujb9s:latest/summary_metrics.table.json","path":"media/table/summary_metrics_18_f5d5176310a557dd0d71.table.json","ncols":21,"sha256":"f5d5176310a557dd0d71b09fed6d07ce10f92645b23f34ec20aad849990e380c","size":937,"log_mode":"IMMUTABLE"},"train/generator/adv_loss":0.00017993443183908947,"epoch":19,"train/critic/loss":-0.00014237795650568245,"train/regularizer/loss":0,"train/discriminator/grad_norm":0.0320872617651571,"train/generator/loss":0.00017993443183908947,"_runtime":240,"_timestamp":1.7743779554544845e+09}