{"train/generator/adv_loss":0.01151927434554709,"_step":1,"train/critic/adv_loss":-0.046299562685089696,"train/generator/weighted_energy_loss":0.019633758127321065,"summary_metrics":{"path":"media/table/summary_metrics_0_1b91dfe809c075c99cbc.table.json","_latest_artifact_path":"wandb-client-artifact://ucegg3eq7s0ne5gnbswnmr0rs9lm3bhfmygtp0dgskxz91e42z07cd7b35cfquptzyo2nv6bwkc4awzvbfqdn8dh74zkrcotj8hkuflnmr09veqpcz0cgkt7te4qyx5q:latest/summary_metrics.table.json","nrows":1,"_type":"table-file","artifact_path":"wandb-client-artifact://qm8zzdsnr8w4gyeaab4jl52nrtq8kqad9liy7wj3l0a3cll5x5d8z7bdk3ua48fnbxzb5in61qzg19zug34wqgabmk799lvqreaqpvf616l1gbj5lr9qxz74kx69rsoz/summary_metrics.table.json","sha256":"1b91dfe809c075c99cbcdae91fc885f35e5aab83b0aa37ceda0095956f3fda2c","size":1182,"log_mode":"IMMUTABLE","ncols":27},"train/discriminator/grad_norm":0.1384894176579511,"train/generator/energy_loss":19.633758127321066,"train/critic/loss":-0.01060817992194113,"train/regularizer/loss":0,"_wandb":{"runtime":152},"epoch":1,"_timestamp":1.782981870869668e+09,"_runtime":152,"train/generator/loss":0.031271911964911935,"train/generator/grad_norm":0.34606562990760115}