{"_runtime":751,"_timestamp":1.777723318561137e+09,"train/critic/adv_loss":-0.02830131760585187,"train/generator/loss":0.007943679860353383,"epoch":14,"train/critic/loss":-0.006674956295930162,"train/discriminator/grad_norm":0.19668520471759368,"train/generator/grad_norm":0.14908863501067554,"train/generator/adv_loss":0.007943679860353383,"_wandb":{"runtime":751},"_step":27,"train/regularizer/loss":0,"summary_metrics":{"_latest_artifact_path":"wandb-client-artifact://sxyh3qgew5fkazw370m9jedwt0kxk0i6c1pfjcexqvlp402io8m1cs459qlbk6tengawxpzr4ema1wr0jcxp9hrr8jrebkw2jzf0g83cb5e5nslwea6zrg1p54wxg0r8:latest/summary_metrics.table.json","sha256":"4e75bf9e95cbd5c3265d55cdf1c6c5def40e5bf97c52bfe0d4925f2a34bad876","size":929,"ncols":21,"artifact_path":"wandb-client-artifact://hxn5xbhl3la0w6cyeebl3u1m9o7x58a69yxn4526clhmr46f76stkiqkw01pychlh1l05iadvxyibn25jfgrt9ag6lg309740bx0842fb3eb6ppwwlqkkjtavme25vxi/summary_metrics.table.json","_type":"table-file","nrows":1,"path":"media/table/summary_metrics_26_4e75bf9e95cbd5c3265d.table.json","log_mode":"IMMUTABLE"}}