{"train/generator/grad_norm":0.008636245380417115,"_wandb":{"runtime":1406},"summary_metrics":{"sha256":"81976d9ad3b19361c05cc01f8b04b4bf6a0f816723898cabf0cd0c86b21ed03b","size":920,"_type":"table-file","_latest_artifact_path":"wandb-client-artifact://wasczqbncy1nvb7b871quiuliar9sdh32g3a74k4m0m2jo60gebr5nwkjce1cmfyapw17oty13afrpj7b03m9c91z1vter0lhqcb5atigx7lfm785nnl2aox3b9hgell:latest/summary_metrics.table.json","path":"media/table/summary_metrics_0_81976d9ad3b19361c05c.table.json","ncols":21,"log_mode":"IMMUTABLE","nrows":1,"artifact_path":"wandb-client-artifact://heggbr6rtexmf418lezm5lpt1yumrgli779e8otudg3epp4vxjipdgijps6cnxwksungr8mhfntnif24q7urew350etk9dw3t0sqejkwr6r0pujbtzcbzm593v4q8l9s/summary_metrics.table.json"},"train/critic/adv_loss":0.03184838391597952,"train/critic/loss":0.0009894578151242968,"_runtime":1406,"_timestamp":1.7723002166276987e+09,"train/discriminator/grad_norm":0.40459955288952615,"epoch":1,"train/generator/adv_loss":-0.0008755141893544689,"_step":1,"train/generator/loss":-0.0008755141893544689,"train/regularizer/loss":0}