{"train/generator/grad_norm":0.2946486435237136,"epoch":6,"train/generator/weighted_energy_loss":0.014041227819100855,"train/regularizer/loss":0,"train/generator/loss":0.041319449308058656,"_step":11,"train/generator/adv_loss":0.02717321950487318,"_timestamp":1.7789379700380187e+09,"_wandb":{"runtime":299},"train/generator/energy_loss":14.041227819100854,"train/critic/loss":-0.026390006587010805,"train/discriminator/grad_norm":0.22733704117866124,"summary_metrics":{"artifact_path":"wandb-client-artifact://xvq0oj5ct2h9gp34k3gpqjxwdy2tf908x5gvmlofvx2m9wbw6dd8yghlki2c316mjyojuh9svvdwrov9ad3qen504wh8fzsn03uvs5a7adm751rnwefzsfi4ttto4zej/summary_metrics.table.json","nrows":1,"sha256":"bf9a8d19a64d93132d0920fcbfc3697abaf82a1b87448541a33876b821323f85","_type":"table-file","_latest_artifact_path":"wandb-client-artifact://urtebbbpq70hedy9h85matq0fydbytdri0hayokvqpggze8nkpgzj4h47fisws6fv5s2fei2wqqjopmxebx7th96t6a3dnjpjccy8qi7719y2omsqeffekcesjb3468q:latest/summary_metrics.table.json","path":"media/table/summary_metrics_10_bf9a8d19a64d93132d09.table.json","ncols":27,"log_mode":"IMMUTABLE","size":1235},"_runtime":299,"train/critic/adv_loss":-0.12055432983858784}