{"_wandb":{"runtime":44},"summary_metrics":{"nrows":1,"_type":"table-file","sha256":"a62653f039c77e5b123ee85cc5aa9144ac8190d03d88c9c428e048ec9d9f9be0","size":920,"_latest_artifact_path":"wandb-client-artifact://tbfwcrz5zqe6k5kb6oukf1qustmvw3iomrioy66bsao6raiefwcy558n8mu55467lymu1187rt9kf3qcji6xlh3kd2sbv3a3c6fefkaot5hrcszoc4u2h5kwbdanjr27:latest/summary_metrics.table.json","artifact_path":"wandb-client-artifact://2z6khwqxamr5sqaaznt6ns6sokaictc5v11zzix15boly5561bmwdes0wctsuzdt2d2aukngcs1sihkrjlem5uum14w596b2qou0n5fo3838k7heay6xrfpjl61wipul/summary_metrics.table.json","log_mode":"IMMUTABLE","path":"media/table/summary_metrics_0_a62653f039c77e5b123e.table.json","ncols":21},"train/discriminator/grad_norm":0.025830730151817513,"_step":1,"epoch":1,"train/regularizer/loss":0,"train/generator/adv_loss":0.00026849394849496076,"_runtime":44,"train/critic/adv_loss":-0.00036510839633376095,"train/critic/loss":-0.0002053838838080329,"train/generator/loss":0.00026849394849496076,"train/generator/grad_norm":0.002041140607783345,"_timestamp":1.7741002025901694e+09}