{"train/generator/grad_norm":0.0012650609342349088,"_step":1,"train/generator/adv_loss":-0.00010586884651816948,"_runtime":83,"_wandb":{"runtime":83},"train/critic/loss":0.00012652281112971174,"epoch":1,"train/generator/loss":-0.00010586884651816948,"_timestamp":1.7741029757327495e+09,"train/critic/adv_loss":0.0011030672430468707,"train/discriminator/grad_norm":0.032301280847650896,"train/regularizer/loss":0,"summary_metrics":{"_latest_artifact_path":"wandb-client-artifact://oyqgnkmqcu3dk13z4x1wkhhg4dgszsa1veli1kwdlt9o1z7igh77xfyg5trsuhrnb8pli5jibal0a4y4r8q9cxsyrkjuq39l9qp97ugvcjmsf7vz4lrs88reumutam7p:latest/summary_metrics.table.json","artifact_path":"wandb-client-artifact://2d6kd9kh8zrqt3qqekmtmm25nuy7pmfsvmhu78wxnzwhyb462r712buu30krmgid89quw0eqh5j1alq3ciwcb104bdme1dobgkz0spkj6hljsenbtka22iivx8pb5jeu/summary_metrics.table.json","ncols":21,"log_mode":"IMMUTABLE","_type":"table-file","sha256":"8589bbe86ffee16f9e8db0f9a17995c95b73c7ae7b1f2e1e95d20000a630183e","path":"media/table/summary_metrics_0_8589bbe86ffee16f9e8d.table.json","size":923,"nrows":1}}