{"train/critic/loss":0.00026053685106003095,"train/generator/loss":-0.00024709150454472247,"_runtime":81,"_step":1,"train/generator/grad_norm":0.0017196991766713905,"train/discriminator/grad_norm":0.13175872429035532,"summary_metrics":{"nrows":1,"ncols":21,"size":923,"sha256":"7de2f24bb2fee4ad409f41c5f4957f6e5da189d578e562d1cf2b40679f707fbd","_type":"table-file","path":"media/table/summary_metrics_0_7de2f24bb2fee4ad409f.table.json","_latest_artifact_path":"wandb-client-artifact://by3hcqbhr2gydkfiwjfw4qsm6mcyngnxrml0taa109tvy7u3dm9o07pkm001adrwsmmimuzujgclxiv6esdny7p7ockwlo3solojwxvsej5lz825qv0dm7evyte866l6:latest/summary_metrics.table.json","artifact_path":"wandb-client-artifact://of2o5jkp1fcv6mg2w75budkb3y53gcad0nvi5v0k7etvi7y063kd26xg8emeatv90ki0x02dmt9zkm0ayz3qp6vfmp2plvky1sy4tyzc71dgaskx86kq1pokgefp73hq/summary_metrics.table.json","log_mode":"IMMUTABLE"},"train/generator/adv_loss":-0.00024709150454472247,"train/critic/adv_loss":0.008911404320036415,"_wandb":{"runtime":81},"train/regularizer/loss":0,"epoch":1,"_timestamp":1.774100617185454e+09}