{"train/generator/loss":0.2627955673412907,"_wandb":{"runtime":136},"train/generator/grad_norm":1.3301130052662409,"train/generator/energy_loss":189.30176763979134,"train/critic/adv_loss":-0.32768805798844697,"_timestamp":1.778936767623417e+09,"epoch":1,"_runtime":136,"train/critic/loss":-0.0700109204594156,"summary_metrics":{"log_mode":"IMMUTABLE","sha256":"c98f1780e0742cfe792dd0c78b5e98affd727b964579aadca07253b673021010","artifact_path":"wandb-client-artifact://fu7554ereocu9p4094y7bz8io4s0vmre0il4imwh2zr29vs3gt2jlzbkp8nym10bqzmurwcfolct10qxbikm5pd5jyrgnpw6dclutwmaw2mxwztik72oqajvh26vhf6a/summary_metrics.table.json","_latest_artifact_path":"wandb-client-artifact://gbhws190zx162dvalrxnrorzm8hg0xakbme9m91q4ylki1ny5j7y8sy9ceot5k10ht2fpbtz9wlnim54cru22s365ybqqvbb1cxhn56u5386k0rxjjj65v93gsgqzk9j:latest/summary_metrics.table.json","nrows":1,"path":"media/table/summary_metrics_0_c98f1780e0742cfe792d.table.json","_type":"table-file","ncols":27,"size":1234},"train/regularizer/loss":0,"train/generator/adv_loss":0.07333307686608556,"train/generator/weighted_energy_loss":0.18930176763979134,"train/discriminator/grad_norm":0.5052117444934191,"_step":1}