{"_step":1,"train/generator/adv_loss":-7.542577246934329e-06,"train/critic/adv_loss":0.0006327738732182563,"train/generator/grad_norm":0.000907944109929059,"epoch":1,"train/generator/loss":-7.542577246934329e-06,"train/discriminator/grad_norm":0.019540450326738436,"_wandb":{"runtime":47},"train/regularizer/loss":0,"summary_metrics":{"_latest_artifact_path":"wandb-client-artifact://7ax5kcedi303aixombzob9uzlvq36j3u068qp2dwt8j05i2kxktqppy7306fqa0tu4q7cz0h0xh0dkli27elz7bs6cas4vm1dhusc0pewaqxeb86di4stnx4zi38380s:latest/summary_metrics.table.json","_type":"table-file","path":"media/table/summary_metrics_0_3043f5682f1d32a4ebb2.table.json","artifact_path":"wandb-client-artifact://09p0f1gx1nd1xqjtomdwzn1l8i0jeh996kzuc2pbcx3swdqwlvd7m4gxuhuc9efb2yw5adywkx1uhlgde2o39c2k4ln4ev6wm2jxr22s6ai0q97vemvt7wp2wb15tw0l/summary_metrics.table.json","log_mode":"IMMUTABLE","size":896,"ncols":21,"sha256":"3043f5682f1d32a4ebb22a94879174dc16c347396cf15dd42b1716bc30e08200","nrows":1},"_runtime":47,"_timestamp":1.7740998433214939e+09,"train/critic/loss":2.9852134487171472e-05}