{"_wandb":{"runtime":1772},"summary_metrics":{"ncols":21,"size":920,"_type":"table-file","nrows":1,"log_mode":"IMMUTABLE","_latest_artifact_path":"wandb-client-artifact://vxsy4bb93tuxisbbe1bbm3pgnvmrxma9n5kqktu4gw03rwtqsmbg0nl4ezk6kgf5bqe6xf1uxt9m9sgeg4spq024t928i36hca7fi86zzbphptvcimielz492o5ho9gg:latest/summary_metrics.table.json","path":"media/table/summary_metrics_16_4884e283d5fe32de74b6.table.json","artifact_path":"wandb-client-artifact://c0u0o4cte2u71waoawzjpecttgsi3nchbu8uwd7pw34wromq184mvjgfwprcq2u49mp6wmhbgdswavxqu43aibys64j21loxql5mxgvspv1l2cu6tducktnuqhldhfhm/summary_metrics.table.json","sha256":"4884e283d5fe32de74b653fc9127a5b6000001032b2841dd2cf016821a4381c5"},"train/critic/loss":-0.002571778619992586,"train/regularizer/loss":0,"train/discriminator/grad_norm":0.1050191754092781,"train/generator/grad_norm":0.012744417555872281,"train/critic/adv_loss":-0.009813036381366783,"_runtime":1772,"_timestamp":1.774088403908097e+09,"_step":17,"train/generator/adv_loss":0.0028090782362786356,"train/generator/loss":0.0028090782362786356,"epoch":9}