{"train/generator/grad_norm":0.029607267577164177,"train/generator/adv_loss":0.00034312648016099405,"epoch":14,"summary_metrics":{"nrows":1,"path":"media/table/summary_metrics_8_6d5cd83647dd6cd8d2ae.table.json","log_mode":"IMMUTABLE","_latest_artifact_path":"wandb-client-artifact://09hswd1t6mwc8v613t76ucig4yasaoqxbb3qnuq1cdokixk3i1pvgqezoly9fgz2puow5s331tpf62iv1oeipf4burjx8gir7efomzh5cotlv6lw2cmuodf31x8vpzsa:latest/summary_metrics.table.json","_type":"table-file","sha256":"6d5cd83647dd6cd8d2ae011650f12b5a1ed439f7353ba68c1a118fbb425b096b","artifact_path":"wandb-client-artifact://q75u37vtdn1ar2xt6xnpulz0grzso9b69s9iqrkate5tiidcy7rbdnev3jdvwisn4zar5vntco0mon0f02m6xlwndfxt9chomb1ki0e49xuw37592jzpc8cj8wlhwil1/summary_metrics.table.json","ncols":27,"size":1195},"_runtime":56,"train/discriminator/grad_norm":0.01353940686911018,"train/regularizer/loss":0,"train/generator/energy_loss":1.6720677344523889,"train/critic/loss":-0.0002801332756700512,"train/generator/weighted_energy_loss":0.0016720677344523888,"train/critic/adv_loss":-0.0007184590554402212,"_wandb":{"runtime":56},"train/generator/loss":0.002108749702984186,"_step":9,"_timestamp":1.7829349014477415e+09}