{"_wandb":{"runtime":22},"_step":5,"train/critic/loss":-0.08818688970523901,"summary_metrics":{"_latest_artifact_path":"wandb-client-artifact://vl7jx82hbbu4w8bdekn2303cmw3ioh185x35wd58d8vs2bchqem1ld2i8jpnbhn29d5klmr6x4ivuv22247v1pffex63s2cszvkbnaipo3xae7sk16zlkkwuf3k126dp:latest/summary_metrics.table.json","ncols":21,"path":"media/table/summary_metrics_4_69924a6cab20a2fcb545.table.json","log_mode":"IMMUTABLE","_type":"table-file","sha256":"69924a6cab20a2fcb545f2967d9a08e31acad2e4a2d7a76d199e1ce84921e1fb","size":921,"artifact_path":"wandb-client-artifact://4iqbjzax9h3k6l1qtwqy5xlc8bw5w2z8er974p45xgzhruon4oemujday9oeg7dwbmzkrukxb4d4ce7xo1h0pdvkd8ggrycjdpan4g3esc5324sipqylncad4ej2d7rh/summary_metrics.table.json","nrows":1},"train/critic/adv_loss":-0.4117960861144289,"_runtime":22,"_timestamp":1.7777240444409943e+09,"epoch":3,"train/generator/adv_loss":0.09112673717626149,"train/generator/loss":0.09112673717626149,"train/discriminator/grad_norm":0.7172947019171426,"train/generator/grad_norm":0.5782226200006139,"train/regularizer/loss":0}