{"train/critic/loss":-1.8842876982806352e-05,"train/critic/adv_loss":0.00011233809550055201,"_wandb":{"runtime":45},"_step":1,"_timestamp":1.7741021842737072e+09,"epoch":1,"train/generator/adv_loss":3.9103174208786816e-05,"train/generator/grad_norm":0.0007745827424246764,"_runtime":45,"train/generator/loss":3.9103174208786816e-05,"train/discriminator/grad_norm":0.016491863089882618,"train/regularizer/loss":0,"summary_metrics":{"log_mode":"IMMUTABLE","nrows":1,"artifact_path":"wandb-client-artifact://c40ug8nuiiin273kckoxt3631hzd5si2mtm9qndq4ua7pjpirdp92k8srifv1eq5vym37qwdeju28ldcnujv0ne5odmsvysmze03konxx11m5u6fh7a7ww3i3bbmrzqp/summary_metrics.table.json","_type":"table-file","_latest_artifact_path":"wandb-client-artifact://oe1g6k3gfuuxm0a3ncarb426wunbffje0jic1gjyuh1c3fhkuybk5asen78xfvlaio606ijqiq0eg0eumlxdc1wtiy9e4nxzukf66kf7qd6bofbitlylzco9eq50p90g:latest/summary_metrics.table.json","sha256":"bfa24d16120ec459e698b7a7efd7f5aee9d7e16114db4047b3368f0c6da4505f","size":893,"path":"media/table/summary_metrics_0_bfa24d16120ec459e698.table.json","ncols":21}}