{"train/discriminator/grad_norm":0.145712341694251,"train/critic/loss":-0.004328894559425747,"train/generator/loss":0.005218474205249154,"epoch":9,"summary_metrics":{"artifact_path":"wandb-client-artifact://qxrxld6pam0ff68lcg5fzes032g1lpcnrz9ol1m8islppsni1m9q4z6hyhfuenwl40k0klncqujvs7hkfisqj03xp1jtf85rhgucqp7zwzox8xsvvcpcyl9vwfr6xlws/summary_metrics.table.json","_type":"table-file","path":"media/table/summary_metrics_16_c46e04dc79750d37a56b.table.json","ncols":21,"log_mode":"IMMUTABLE","size":923,"_latest_artifact_path":"wandb-client-artifact://ov05nsibat52s3l30mziewrik40qe0x88zz2n9sd3xmt9yhiezybkleqk4gczfqpsqs16o0sw9lntrp7v0masgfe05yjsw2shdw010u46gwi3by6k1pn5o23hc0jimdz:latest/summary_metrics.table.json","nrows":1,"sha256":"c46e04dc79750d37a56b2c960ab193203fe9d888a3b1ff7072dc0a3900b3bd18"},"train/generator/grad_norm":0.0931735064154883,"train/critic/adv_loss":-0.014146462791776743,"train/regularizer/loss":0,"_wandb":{"runtime":177},"_timestamp":1.7776537147277348e+09,"_step":17,"train/generator/adv_loss":0.005218474205249154,"_runtime":177}