{"train/generator/weighted_energy_loss":0.010431768381666057,"train/critic/adv_loss":-0.021526440673169455,"train/critic/loss":-0.004619859474137757,"_runtime":192,"train/generator/grad_norm":0.12179537500324407,"epoch":14,"train/generator/energy_loss":10.431768381666057,"summary_metrics":{"log_mode":"IMMUTABLE","_latest_artifact_path":"wandb-client-artifact://cc8ukuzhj0qcarmtgn39iiwq7reh0yox7mcbpb7g7otb9zovg55p92pz5dndarnj5od79koa9c3oreujzmjxjuntfqh2w2skqeb3k3bprxaa5j70aeh4inzeopptn7td:latest/summary_metrics.table.json","_type":"table-file","nrows":1,"path":"media/table/summary_metrics_26_1fe4d4f730af7cc0da50.table.json","sha256":"1fe4d4f730af7cc0da5021eb3e8385026afe4c33acd95c80148fe0e7095923a7","size":1241,"artifact_path":"wandb-client-artifact://j7nvy367u1onh9kn647r3z48h5uzc868uozb3ozbat8yxgslmj2m3qflld8fcaplrudorgf9p6e5wtv2ezysjwy94zs8x3mfsunoqk6piz8sttvo5oi1lifyw90cw1rc/summary_metrics.table.json","ncols":27},"_step":27,"train/generator/adv_loss":0.0045828829336075514,"train/regularizer/loss":0,"train/discriminator/grad_norm":0.03196541702748364,"_timestamp":1.7777260716597476e+09,"_wandb":{"runtime":192},"train/generator/loss":0.015014651997683866}