{"train/critic/adv_loss":-0.0008521439588484794,"epoch":14,"train/regularizer/loss":0,"train/generator/adv_loss":0.0003693216052146028,"summary_metrics":{"_latest_artifact_path":"wandb-client-artifact://tpxskgwoyf23ns5iyz4iracxxpxjlabfqr44u4en997nipngl9sl9gjrh9ch5x4cnxgye4azp9rpx6mz3r5guiyman6sgiwwb8th6fyx04wpeaddcptuuvavt9uvps5v:latest/summary_metrics.table.json","artifact_path":"wandb-client-artifact://9a0l080qth46mg092s200pses3t0obzpx21twfyl3xyvznfu5g2zumv4b936h4l4k5p4i5fu7lmn35h91chu7ge43cvntcsi4v5htcfxf7oscblu2844uszudwsqy2fp/summary_metrics.table.json","ncols":21,"nrows":1,"size":936,"_type":"table-file","path":"media/table/summary_metrics_8_7e1a5c21fe0e0c5cd4e0.table.json","log_mode":"IMMUTABLE","sha256":"7e1a5c21fe0e0c5cd4e04c3a049f71c4124a18be2dca3dfb28830e70cfdd4aa6"},"train/generator/grad_norm":0.006101388156420354,"train/discriminator/grad_norm":0.04247716701419466,"_runtime":734,"_step":9,"train/critic/loss":-0.0003005335372572841,"_wandb":{"runtime":734},"train/generator/loss":0.0003693216052146028,"_timestamp":1.7741046549607825e+09}