{"train/critic/adv_loss":-0.0002087188702557967,"train/generator/adv_loss":7.555806611844053e-05,"train/generator/grad_norm":0.001477684963911213,"train/generator/loss":7.555806611844053e-05,"train/regularizer/loss":0,"train/discriminator/grad_norm":0.01742605371992191,"_wandb":{"runtime":735},"epoch":54,"_runtime":735,"summary_metrics":{"ncols":21,"artifact_path":"wandb-client-artifact://1bykmkchxkzj7o6ae31zthcxdrh49y2dx2yyhudk5o1npzxegniq39tzdim4bnp2k37o99s5k6g87ohlnonfsnmvkdijbnayu859keopuzvetx7ksix741dnkumlep9v/summary_metrics.table.json","path":"media/table/summary_metrics_68_dc192ed5ef548d32e0c2.table.json","_type":"table-file","size":934,"_latest_artifact_path":"wandb-client-artifact://osf9hs0tphmcvv606e7pqwf941v40c3e2xdmkh5xz7138ilimlvp39e56uptepc715b7svdf2coyhsnas0fl6p76a0xi9w0c72jumvovnrh237kj2r3mpfgdrq3n86u2:latest/summary_metrics.table.json","log_mode":"IMMUTABLE","nrows":1,"sha256":"dc192ed5ef548d32e0c2dca4edccf63e5405ffb0d4ae719e6153eaed1c291e6c"},"_step":69,"_timestamp":1.7743805212311556e+09,"train/critic/loss":-6.595301936364747e-05}