{"train/generator/grad_norm":0.006075070657269677,"train/critic/loss":-0.00025646350117090037,"train/critic/adv_loss":-0.0007089518274993853,"train/regularizer/loss":0,"_step":7,"summary_metrics":{"ncols":21,"_latest_artifact_path":"wandb-client-artifact://82ozi8e793l0bmxrmrz5jx94rl6qwqckmgh0melm3up955yy6p3x4jun71xckkluzw6fyb61v38tkhqsw3jq4jrbvva0c0e1h499vt2t0aw6oxvop0g7scemy5sg0ql7:latest/summary_metrics.table.json","path":"media/table/summary_metrics_6_5c3da565b3c11a7fab7c.table.json","size":937,"sha256":"5c3da565b3c11a7fab7ca6fae0c005deb46b885b1af9a1c09794e649b6389233","artifact_path":"wandb-client-artifact://vahzmgzgva19nwjn5pe0l001t6kxkjn97vdct862xspzk75j7f6k7wpev7dc6ksk5lu7v03owbe0bz5tgg1xrzip5yrrp1hb8im0ozvx1fxelswv87kxs1jtd4i2k793/summary_metrics.table.json","_type":"table-file","nrows":1,"log_mode":"IMMUTABLE"},"_timestamp":1.7743776571169796e+09,"train/generator/loss":0.00031963179926371334,"train/generator/adv_loss":0.00031963179926371334,"train/discriminator/grad_norm":0.04152159966920752,"_wandb":{"runtime":81},"_runtime":81,"epoch":13}