{"_wandb":{"runtime":171},"_timestamp":1.7741060879799616e+09,"train/discriminator/grad_norm":0.03382038069441635,"train/critic/adv_loss":-0.0006100352621026745,"train/critic/loss":-0.00022284262600413374,"train/regularizer/loss":0,"_runtime":171,"train/generator/loss":0.0002581352164591693,"train/generator/grad_norm":0.004476482711454442,"_step":15,"epoch":17,"summary_metrics":{"ncols":21,"size":937,"artifact_path":"wandb-client-artifact://1rfx70dahcwow5ny760m3lt7snby9z6tnxtr7o3vkpz5eyxo6uxj8lk4budlh0oknzlrc609630uz9arctkdzxvjmwqkmtah761yko23n38tdciliehtfa4vlsvmy6gg/summary_metrics.table.json","path":"media/table/summary_metrics_14_1c9fbc975fb8232b5e86.table.json","_type":"table-file","_latest_artifact_path":"wandb-client-artifact://cfspu220hzfpdlovte19dvlgsyca5xjis47yzxce0lpllagvj2x3isxzn6ha3xnm6di6xvxga5oh4nsywkg81erhefcjh4g9b6a379rj871a2f8kxw9y04x3x1ogxyho:latest/summary_metrics.table.json","sha256":"1c9fbc975fb8232b5e862f97a0253aa04b2ef642686c76303eaa37bda626893c","nrows":1,"log_mode":"IMMUTABLE"},"train/generator/adv_loss":0.0002581352164591693}