{"train/generator/loss":0.00033085325152296764,"summary_metrics":{"ncols":21,"log_mode":"IMMUTABLE","sha256":"53e88dec8f9b6e9f05878b28d982335f7b2bc02ff2a5514001fc9f06a7a49e1f","size":937,"path":"media/table/summary_metrics_8_53e88dec8f9b6e9f0587.table.json","_latest_artifact_path":"wandb-client-artifact://fe7muzd3kyia6hdvubm7248v0gl1mlc7tyt4l5bvtrkc2zt2lujyvj3hzk095hpi6r2hfxhc1xm1z10xss5dtwlfns7a6sjc13xxjww1mv2aid1ehv65r6t938hu1gq1:latest/summary_metrics.table.json","_type":"table-file","artifact_path":"wandb-client-artifact://okbmc5ap2x9d0g5vzy9xg12ufd2tzpc5rgl1k8d4xl9m9b8roe6u1ysjxo0j7vrhjbt54lybnca0hcytbo7ajuxewit1niz09me6cqpgs66cqughzfrd0xo27n5uvsj4/summary_metrics.table.json","nrows":1},"train/critic/loss":-0.0002587996195346412,"_wandb":{"runtime":105},"_runtime":105,"train/discriminator/grad_norm":0.03981030883893322,"_timestamp":1.774105696827999e+09,"train/regularizer/loss":0,"epoch":14,"train/critic/adv_loss":-0.0007040874790490176,"_step":9,"train/generator/adv_loss":0.00033085325152296764,"train/generator/grad_norm":0.005721861032869383}