{"train/critic/adv_loss":-0.0001905638466583935,"train/discriminator/grad_norm":0.026169096780999195,"train/generator/adv_loss":0.00017774186872299624,"train/generator/grad_norm":0.0014789076103173464,"summary_metrics":{"artifact_path":"wandb-client-artifact://v1woj4728rcccu5k7lxs4qb08r7rmyiahkqutpet7b700wx2e5m4dvjezixjzgdnlnwit6y8foiofvlz2ywfbfa00zslb2phjuoad1plv0zlvzgdnvek9au1a49a0zxd/summary_metrics.table.json","nrows":1,"size":923,"log_mode":"IMMUTABLE","_latest_artifact_path":"wandb-client-artifact://32x4t8dnoesv2bp7rcvabh3juztxlw51a5xx9dko4hnvtefsdp05ikga3t5tjl97vfrcl6i07nul64xt48jtrdax4tuf1bf88lw9mpyde1m362erm04ihfbkl2i050f2:latest/summary_metrics.table.json","path":"media/table/summary_metrics_0_1f31dc59a1ee3930944d.table.json","ncols":21,"sha256":"1f31dc59a1ee3930944dadfa1180e6615c11913a67e0f54ab7cabac99a66490e","_type":"table-file"},"epoch":1,"_runtime":40,"_step":1,"_timestamp":1.7740922732550666e+09,"train/critic/loss":-0.00013068762391971764,"_wandb":{"runtime":40},"train/generator/loss":0.00017774186872299624,"train/regularizer/loss":0}