{"train/discriminator/grad_norm":0.042014650681816465,"summary_metrics":{"log_mode":"IMMUTABLE","sha256":"1e4a3afcc589b053450e22941c92956a19888a3d1067c6e791724b36b40f00a6","size":933,"_latest_artifact_path":"wandb-client-artifact://p53h8a6esbr3m6np90nm6jlgnclgcxxt16na2gg44s31uhmi1iz3cucmhwe8l8z29z8wa3nf09fcbt3a7l9ph9kgasqmbbdo223rqdr2vej9wjbpnac41d8aeqmvkpek:latest/summary_metrics.table.json","path":"media/table/summary_metrics_8_1e4a3afcc589b053450e.table.json","ncols":21,"artifact_path":"wandb-client-artifact://mieolsr87ibxzj6yjgwyapeyc1jlzhqwj8cpbn96oo1lu8s6fvikix7p332my7vo2n85zrbwiqkr5ettko8gd4lpctneiyaaybawj29fegevh7v83ynwz9znqxx56hmq/summary_metrics.table.json","nrows":1,"_type":"table-file"},"train/regularizer/loss":0,"train/critic/adv_loss":-0.0007595646930170978,"_step":9,"train/generator/adv_loss":0.0003403453521023074,"_timestamp":1.77410540115127e+09,"train/generator/loss":0.0003403453521023074,"_wandb":{"runtime":291},"train/generator/grad_norm":0.005997112358930961,"_runtime":291,"epoch":14,"train/critic/loss":-0.00028830685811505704}