{"_wandb":{"runtime":221},"train/generator/weighted_energy_loss":0.01109301161468616,"train/generator/energy_loss":11.09301161468616,"_runtime":221,"train/generator/loss":0.020954187183432373,"summary_metrics":{"_type":"table-file","sha256":"7470748ef8116662ea8de134c3b93098b745b5ff80031ce67c4a7583bb2406d3","path":"media/table/summary_metrics_26_7470748ef8116662ea8d.table.json","nrows":1,"size":1238,"artifact_path":"wandb-client-artifact://s27eyn7qvr48juu9ufnegsqcfgiogq3mlt0j1ef5r07yvrussbjpny0g92dqp8d9zn95sgtm2e6jv27xc0xnj9o7dz9za4oj88ox3x7e6v58xz7i2fwxr2skr6g2429d/summary_metrics.table.json","ncols":27,"_latest_artifact_path":"wandb-client-artifact://zhe2sqzazcdbwdubgvj396jjxmtja121vanw3uwwd5hh8f0akba2sussyk40asyz2ygb8rmtvjqct0ocs76v9zuiocfbitknib1en8is82m7lhtha97n0mex5pq5xdmv:latest/summary_metrics.table.json","log_mode":"IMMUTABLE"},"train/critic/adv_loss":-0.042969624204812394,"_step":27,"train/generator/adv_loss":0.00986117516365424,"train/regularizer/loss":0,"epoch":14,"train/generator/grad_norm":0.14286648307176705,"train/critic/loss":-0.009291865493648145,"_timestamp":1.7777243679026701e+09,"train/discriminator/grad_norm":0.07651906363970011}