{"_timestamp":1.7829343493060286e+09,"train/regularizer/loss":0,"train/discriminator/grad_norm":0.012847870354541605,"train/generator/adv_loss":0.00034480530147249866,"_runtime":179,"train/generator/grad_norm":0.026595301199144994,"train/critic/loss":-0.0003506469248865119,"train/critic/adv_loss":-0.001207555634436598,"_wandb":{"runtime":179},"_step":27,"summary_metrics":{"ncols":27,"log_mode":"IMMUTABLE","size":1185,"path":"media/table/summary_metrics_26_a12d5a8fd4436aecc041.table.json","_latest_artifact_path":"wandb-client-artifact://2hak0mkf83na8gf18784pht5f62n52jc2zs29uibzv8wki33by3a24wj8xe5v1my13zxx2ljwv8auaiblzwn5bd8haia3klfjf272irtwj5t3bha290u4966wdt24trp:latest/summary_metrics.table.json","nrows":1,"sha256":"a12d5a8fd4436aecc0416b62e70219a5dc48d48ca21ff4d1beea4adf650eca1d","artifact_path":"wandb-client-artifact://i3a6x2pw9r6rkgjtqe6l4w7f7gke4vmnbzdahsjp06l7yywbio7vppn1at4dnhp10pk3fonmvvoyqchi26x5w8rr4nv6ph3ko664hfp9acp8udovzasqreprcly9yssx/summary_metrics.table.json","_type":"table-file"},"epoch":14,"train/generator/weighted_energy_loss":0.001619414126134047,"train/generator/loss":0.0020547312652010553,"train/generator/energy_loss":1.6194141261340471}