{"_runtime":57,"train/generator/adv_loss":0.0003291671444632038,"train/regularizer/loss":0,"_wandb":{"runtime":57},"train/generator/weighted_energy_loss":0.0016211258211481824,"train/discriminator/grad_norm":0.012399408647633354,"summary_metrics":{"path":"media/table/summary_metrics_8_60b5b3f3886825ee4380.table.json","log_mode":"IMMUTABLE","nrows":1,"artifact_path":"wandb-client-artifact://43rvewkp9io7kh6sodzm6bcg9a3lp5g6cxgq6f9mqo1y3nrlpt3dbufbihhs26nd7l9a4rokj0bbeu9ld6wwcwnwmmqn1xd6pcu9brxs92v8dll8acp3jappj4hc1n6h/summary_metrics.table.json","ncols":27,"sha256":"60b5b3f3886825ee4380cf80b547f28c5080cf1cef3d419c91040e436293f411","_type":"table-file","size":1194,"_latest_artifact_path":"wandb-client-artifact://rzneber2633w80rzc22u9i8s036fodfvb2sa7javrq8moyi35jpvl3yxy2jh3p50e49vcucvgivexfsgpatnd05g8xzbu720w8dp0tqhxnrmaf2e52gygc3kot52qgzj:latest/summary_metrics.table.json"},"_step":9,"_timestamp":1.7829355079557607e+09,"epoch":14,"train/critic/adv_loss":-0.00090801604589091,"train/generator/energy_loss":1.6211258211481825,"train/generator/grad_norm":0.027917235142286275,"train/generator/loss":0.002044004524501257,"train/critic/loss":-0.00031247448054425904}