{"_wandb":{"runtime":95},"train/critic/loss":-8.353336330092297e-05,"train/generator/grad_norm":0.0014719420146012475,"_timestamp":1.776625231603527e+09,"train/regularizer/loss":0,"train/discriminator/grad_norm":0.01775290270713609,"_runtime":95,"summary_metrics":{"_type":"table-file","sha256":"d18e2ce7801b33ea6b0c0abd25b7b86b0a41781fedda7a37ba7e183da20bf87e","log_mode":"IMMUTABLE","_latest_artifact_path":"wandb-client-artifact://is55ge6ir8tctp3tyshbomgdzb5gkcyv4nozif925kwtv5602lnzihaz8eksky7lilapgt6w29g4j72j61d0eag3ugvzv4iejc0wms3isr7iz98rzoifl4g0pl0am3eu:latest/summary_metrics.table.json","size":937,"ncols":21,"nrows":1,"artifact_path":"wandb-client-artifact://9ycfe2qnb16mr7xiqb2m1jw2a7srh22j519s7jenthrcmp3pfyox0tq4tubijb7n3ai6je74gub82q83v2tinle2f3vor941h1ixs773p4t2tdsxln9nkyy5jlnrbxiy/summary_metrics.table.json","path":"media/table/summary_metrics_6_d18e2ce7801b33ea6b0c.table.json"},"_step":7,"epoch":53,"train/critic/adv_loss":-0.0002679124582241533,"train/generator/adv_loss":9.757902547611234e-05,"train/generator/loss":9.757902547611234e-05}