{"train/discriminator/grad_norm":0.28500025865884615,"_runtime":27,"_timestamp":1.7789345213010354e+09,"train/generator/adv_loss":0.09674249849210659,"train/generator/weighted_energy_loss":0.012631554679970796,"train/critic/loss":-0.09614347312807332,"epoch":4,"train/critic/adv_loss":-0.4717887429886168,"summary_metrics":{"sha256":"8a61eac1176de29e49bb9f0a644e1bb5f3954080618b4bce1307c0e519b2c1fa","log_mode":"IMMUTABLE","_latest_artifact_path":"wandb-client-artifact://20gyc3l4rm38v1iibcwroi2rt1v15z419pvacouocpg2w03k201fbvsaxzx1me6olmeco4esahxz9jkz9k31qvr505gbvdu7mk1qyp1eeobnhgkk03i92p1uurekav9c:latest/summary_metrics.table.json","size":1235,"artifact_path":"wandb-client-artifact://m90m2qhlpci6rdvlwaem3a2520frufx76qeuf0mj44y9x03vdbbftrbnmouu3v7b4zkgd5b7n27wncq9j0wzz7d5ga40yni65ezjn7ror3z5vhe3p5aw1181aikl940s/summary_metrics.table.json","path":"media/table/summary_metrics_6_8a61eac1176de29e49bb.table.json","nrows":1,"_type":"table-file","ncols":27},"train/regularizer/loss":0,"train/generator/energy_loss":12.631554679970794,"train/generator/grad_norm":0.441003591319786,"_step":7,"train/generator/loss":0.10937405381050849,"_wandb":{"runtime":27}}