{"_step":9,"train/generator/adv_loss":0.0003720952659575174,"train/discriminator/grad_norm":0.012734232417042357,"_timestamp":1.7829353525364842e+09,"epoch":14,"train/generator/grad_norm":0.029662925223008337,"_runtime":57,"_wandb":{"runtime":57},"train/critic/loss":-0.00031817788633464365,"train/regularizer/loss":0,"summary_metrics":{"ncols":27,"_type":"table-file","log_mode":"IMMUTABLE","size":1197,"_latest_artifact_path":"wandb-client-artifact://27fpcnvtsvccl95ccud3094lz1s1wzj6gho7w08y0cct8qrta4yzbe03n0nrxg7d3tdwy58ht4kbcx7kyceyvcrpw0zw4bs6avf9x6mpb61prpp9tajlhbcwz3ij1e1m:latest/summary_metrics.table.json","artifact_path":"wandb-client-artifact://2h59oedjoqa8juacsldttvh04t5mi30cavd2fg2v7hnx2seg9c4pwyfziinjb365as34u6jn8po5z9e6d6fbqgoxs638fe6p9rx8piqnj1yhdi61ayxp5w4yj504fw2b/summary_metrics.table.json","sha256":"8d591d58e1daab41700e0d61f2c9d05a4f737f7a6188024f6ecdc20922d76563","nrows":1,"path":"media/table/summary_metrics_8_8d591d58e1daab41700e.table.json"},"train/critic/adv_loss":-0.0008644742043178637,"train/generator/loss":0.0020994943903452083,"train/generator/energy_loss":1.6321799405333481,"train/generator/weighted_energy_loss":0.0016321799405333481}