{"train/generator/loss":0.0009749749053695857,"summary_metrics":{"sha256":"ac99bfc24b1771732ec94f99816601899d126cf89ad48b2249049d43019cd2bf","ncols":21,"nrows":1,"artifact_path":"wandb-client-artifact://pciaslz55t64t7o2mbckytftp9fycra67759uycceq78j4rwwaotxvtdgwjm0alsork51zjbs2gdxuj1p3r070e564m5qpwo2g5pji55eqwdppmloubdq1r5k1rghe8r/summary_metrics.table.json","log_mode":"IMMUTABLE","size":920,"_type":"table-file","_latest_artifact_path":"wandb-client-artifact://1yqq2cveeqfrdghi5v1i52pge7e2xioafd0bu69zu3xz1hz2nmus5j5mdx7j5wivzzg8qqwrp21zjl3vymzf7yg1ehde050ojtp3rddc6mgefhxfy9f0vbbh76yen9r0:latest/summary_metrics.table.json","path":"media/table/summary_metrics_16_ac99bfc24b1771732ec9.table.json"},"train/generator/adv_loss":0.0009749749053695857,"train/generator/grad_norm":0.01207549161235402,"train/critic/adv_loss":-0.003071951404423066,"train/critic/loss":-0.0008696607544008753,"train/discriminator/grad_norm":0.06362844205129195,"_timestamp":1.7740909176360927e+09,"_step":17,"train/regularizer/loss":0,"_runtime":194,"_wandb":{"runtime":194},"epoch":9}