{"bin #6: PhysStats Average PRD-AUC":0.7507999230752893,"train/generator/loss":0.002122358776461344,"bin #2: PhysStats Average PRD-AUC":0.7411268318320493,"bin #8: Energy embed. Average PRD-AUC":0.618986042072497,"_runtime":2711,"bin #0: Energy embed. Average PRD-AUC":0.745407629000631,"Transverse Cluster Asymmetry_table":{"sha256":"a19d8061a47fa29067317214c6a243292603f0668ac9993c9a176e85d2077095","path":"media/table/Transverse Cluster Asymmetry_table_81_a19d8061a47fa2906731.table.json","log_mode":"IMMUTABLE","nrows":10000,"_latest_artifact_path":"wandb-client-artifact://tg3kv9i0v6ogiof82qqreqvjlkptj3k0hgq22qdt27m67eyy1hpmmgktiyc5cf7wjrecz69uaewt5dz23qxp82732klw8yr3bb44tyqnxo9il845gt1cftgmazhr31bb:latest/Transverse Cluster Asymmetry_table.table.json","ncols":2,"_type":"table-file","size":244798,"artifact_path":"wandb-client-artifact://x1vsr8kbaursvgfh7af3iswx5gioi8x3we47r50c0jjz0ez2tjibqrxog60e3rw1jtjqivbh7fou60r58qdv5g49a5pqwv91n7pd4t1d9507x4123jdtnuimga9xwbrx/Transverse Cluster Asymmetry_table.table.json"},"bin #5: PhysStats Average PRD-AUC":0.9115321172583638,"train/generator/grad_norm":0.026950098553033278,"_step":87,"bin #3: PhysStats Average PRD-AUC":0.907714970201215,"train/generator/weighted_energy_loss":0.0015737156596391925,"bin #0: PhysStats Average PRD-AUC":0.7692700138221683,"bin #6: Energy embed. Average PRD-AUC":0.722240175023883,"train/critic/loss":-0.00041001702990661856,"Energy PRD PR-AUC":0.9542740181077418,"train/regularizer/loss":0,"PhysStats PRD PR-AUC":0.9141994380913706,"train/generator/energy_loss":1.5737156596391924,"train/generator/adv_loss":0.00045751340934703174,"bin #7: PhysStats Average PRD-AUC":0.890171019154933,"epoch":30,"bins avg: PhysStats Average PRD-AUC":0.815711390353828,"bin #8: PhysStats Average PRD-AUC":0.5844214583665117,"bins avg: Energy embed. Average PRD-AUC":0.8103322197328345,"Energy PRD":{"size":47207,"path":"media/images/Energy PRD_84_d96864db71cc719c6198","format":"","width":1200,"height":1200,"_type":"image-file","sha256":"d96864db71cc719c619809f748f7a1f5d1ab67b3745301b5dc88edc5b818d5e0"},"bin #4: PhysStats Average PRD-AUC":0.9044127006350327,"bin #3: Energy embed. Average PRD-AUC":0.952251780445501,"bin #7: Energy embed. Average PRD-AUC":0.8929928909214322,"train/discriminator/grad_norm":0.014993758854797694,"bin #4: Energy embed. Average PRD-AUC":0.9489738491942556,"train/critic/adv_loss":-0.0014353340393095087,"bin #1: Energy embed. Average PRD-AUC":0.8852033460258447,"_timestamp":1.7829846840444684e+09,"Cluster Transverse Width_table":{"nrows":0,"size":38,"path":"media/table/Cluster Transverse Width_table_83_a3f0926eef2cd8b265fc.table.json","_latest_artifact_path":"wandb-client-artifact://vrnbvigi50t9xsfu0gybn436mu2ckhakh0ufigo5s45x8yrw4l8b8ziowg97jphnuzhpr5xc51v2885vdaj95yhsmnp3cpuf5us7gbd5uw60hbpuzua8yev5zy241yh0:latest/Cluster Transverse Width_table.table.json","log_mode":"IMMUTABLE","_type":"table-file","sha256":"a3f0926eef2cd8b265fccbf448fa05b4db704b3e5b34c6b5d409b96f85985aff","ncols":2,"artifact_path":"wandb-client-artifact://7frkqopossyy67a987xbdle4qwwkchscflpulox8d05xhm51w79maebx3eovbbf3xqc7iygj9g75br5jkv33v8h3vl3bq8x0lpha8v85qpy69r9mgkevdxmk4k8pzaza/Cluster Transverse Width_table.table.json"},"Cluster Longitudual Width_table":{"path":"media/table/Cluster Longitudual Width_table_82_a3f0926eef2cd8b265fc.table.json","ncols":2,"_latest_artifact_path":"wandb-client-artifact://geoiv76z271z1680v58i5rxekve3jorz09b7gcklunat2atvze0w1qivtdg3ai0cg8dsxcawbt65oerskg0sbe990fmn082advqqky4i1m8262bgzb1mxv65dzzc5d43:latest/Cluster Longitudual Width_table.table.json","_type":"table-file","size":38,"nrows":0,"log_mode":"IMMUTABLE","artifact_path":"wandb-client-artifact://26uo9w8p7dnbibu6bhjcoqya92zumog90lwbhfwwov9cze9w60apov1tfoxvhp63lqh6lmgbgs8ympt2rm1w59g3nlw9l09qseo210v0u5iq1xe5829yw5e3iehptzul/Cluster Longitudual Width_table.table.json","sha256":"a3f0926eef2cd8b265fccbf448fa05b4db704b3e5b34c6b5d409b96f85985aff"},"bin #2: Energy embed. Average PRD-AUC":0.5821336843924271,"_wandb":{"runtime":2711},"bin #5: Energy embed. Average PRD-AUC":0.9448005805190387,"summary_metrics":{"log_mode":"IMMUTABLE","ncols":93,"_latest_artifact_path":"wandb-client-artifact://4rbc72zryku5u0rtub3hn511idke0xt2qo7hm5906boqg01nv3ppi7o2iavo2rmnlmdzatb5wljmin9yf4vyle2hdjy1xjanhivmypididwff833782low1g3xaah6sr:latest/summary_metrics.table.json","_type":"table-file","artifact_path":"wandb-client-artifact://t5tlzxnk9dhhfzum1befb0ncny7o3af7ukx2dprebwhb0jtlm2dgh6h2a8oa96appif8330z84pe5lhjhd84llnfuv1q8k1icqlpu5f4xoeh64k8v2mx81ncys40ar5u/summary_metrics.table.json","nrows":1,"size":4646,"path":"media/table/summary_metrics_86_4a9c79be8917b1bc06b5.table.json","sha256":"4a9c79be8917b1bc06b5218f25958336835c8e3e544342d72ec1696aa42aa74a"},"bin #1: PhysStats Average PRD-AUC":0.8819534788388885,"PhysStats PRD":{"size":67656,"path":"media/images/PhysStats PRD_85_b8b2147922ed68e89aee","format":"","width":1200,"height":1200,"_type":"image-file","sha256":"b8b2147922ed68e89aee7cde6de3952c4e2295e113437161f97cf30434f0aee7"},"Critic values_table":{"artifact_path":"wandb-client-artifact://w2vuljxszdnnfu5m93z4hepogw9x7kgajcdullzi01uqfa6r4knjni4d33rbhcoendfw1q8d0n0okxc4tlj080h5lkw5nwkc81axk16337deo3c1q1rpa5p57py9hhbl/Critic values_table.table.json","nrows":10000,"ncols":2,"_latest_artifact_path":"wandb-client-artifact://5o8grub87jy5x09uhebz83bwp24e8x8s6xiqts0iap9ct8tln3q1b7uxujfatbfuje57jfbvsippi4g79vdgoiaze57zms4ujbo3inq2gp4nmvbydv0ijwtg28hl1pi1:latest/Critic values_table.table.json","_type":"table-file","sha256":"8df3371c8ffdfa23757d4f8a3770f454e8c7dae867635d2c62c1a77ff7c54e30","size":297217,"path":"media/table/Critic values_table_79_8df3371c8ffdfa23757d.table.json","log_mode":"IMMUTABLE"},"Longitudual Cluster Asymmetry_table":{"artifact_path":"wandb-client-artifact://pss5o8d8gewi2ci2xf44mz4hlvb81kwl0j1y8ctz1hvk9ff7gt7yn3mred7xi2my1729i24ptyideh4lvq0cmah8j460pf2myfy4bo30495jug2igtbs8rl0juh5wz37/Longitudual Cluster Asymmetry_table.table.json","_type":"table-file","ncols":2,"_latest_artifact_path":"wandb-client-artifact://93edangx5818zso1f3pua0gm85hv6cpzb2yv758wu7mlx1e2ewkhosdftqxdtewrdwr6mgxcb4zm6tg7a6uge3nm87uttjwjmtseljmywg2atn7eh41t1gzefgrrqrm3:latest/Longitudual Cluster Asymmetry_table.table.json","sha256":"2b1ab0cb84525e366188bd6285446389d8ce187d81fcba171877763da578bf28","nrows":10000,"size":244120,"path":"media/table/Longitudual Cluster Asymmetry_table_80_2b1ab0cb84525e366188.table.json","log_mode":"IMMUTABLE"}}