{"train/generator/grad_norm":0.005955145931084966,"train/critic/adv_loss":-0.0006843935065518571,"_step":27,"summary_metrics":{"nrows":1,"ncols":21,"sha256":"d3e32da5b62cb433c192c36c566cb9570fdea22e885dedab5d0e561fca1d4869","size":917,"_type":"table-file","log_mode":"IMMUTABLE","_latest_artifact_path":"wandb-client-artifact://kddl0wgn0redtsn5bnqqhsm2q60boxt2zcebp78imh4ik12kpharnrf62kz03i351jerx3b8rgmdc7bjwzowjpp232gwrvwvjjpsuswex09zi3rmh0qygjtumjzgw9qb:latest/summary_metrics.table.json","path":"media/table/summary_metrics_26_d3e32da5b62cb433c192.table.json","artifact_path":"wandb-client-artifact://od48uqvjhqau4nyty0ml1mf3fl0xwnwapqmp3s2xov9g9uxrtnc0mllplhs25qgvgsb7h85kazys6pq48nbq728gsqd3nuv9utste73tb1c7c0etjke96rbv2ivkjhu3/summary_metrics.table.json"},"train/regularizer/loss":0,"train/generator/loss":0.00034908252732296135,"train/generator/adv_loss":0.00034908252732296135,"epoch":14,"_wandb":{"runtime":362},"_runtime":362,"train/critic/loss":-0.0002684569208250481,"train/discriminator/grad_norm":0.040860957974578976,"_timestamp":1.7741034583989975e+09}