{"train/generator/adv_loss":0.00011437372537643596,"train/generator/loss":0.00011437372537643596,"train/regularizer/loss":0,"train/critic/loss":-7.550741784041669e-05,"_runtime":45,"_step":1,"_timestamp":1.7741004795131524e+09,"_wandb":{"runtime":45},"train/generator/grad_norm":0.0014073428910337988,"train/critic/adv_loss":5.437305432660724e-05,"train/discriminator/grad_norm":0.019538225258174127,"epoch":1,"summary_metrics":{"_latest_artifact_path":"wandb-client-artifact://9kfonxxbr905u7hxhg4x4omoqvygv0how8cxh1exo2qr3uzfiqwn3ldbhyo1kxsm16w35zdnavc66tgvwep2z72to2he34bx7d2wubi96bsynjx9kyhqp7qbacjswo9y:latest/summary_metrics.table.json","nrows":1,"_type":"table-file","path":"media/table/summary_metrics_0_6df2f5afd58e3dea1a22.table.json","sha256":"6df2f5afd58e3dea1a229d22710b5ede4d37e614a740f2bc1c0e4ae201007eeb","artifact_path":"wandb-client-artifact://5ag63q2zdeyv3esbvtf3i3qibeeetw7oklj5v50j1mj0lr7u765o9vjczi9ou3vwzk9uj0407rnk0mhc26frqbrtz3z1iul99d56r3iqaluuu0vj73nwzqcs16zvkzd0/summary_metrics.table.json","log_mode":"IMMUTABLE","size":920,"ncols":21}}