{"epoch":14,"summary_metrics":{"sha256":"2373362eaad951c28a12bf31f8d93a9c38e8865549ca9f4860ef1cb0ade65270","nrows":1,"size":1238,"path":"media/table/summary_metrics_26_2373362eaad951c28a12.table.json","log_mode":"IMMUTABLE","artifact_path":"wandb-client-artifact://go3dg9qa6d7hhwc0ozowflxagmc1uexkdbugh4ccsl047mq3qyld7kwi0l04m2qt8ehiaaebqeaoh63o9xa5cgu8c8yifmdsq5n5o5ld2zxrga0n2rlbh9bopghjh95l/summary_metrics.table.json","_latest_artifact_path":"wandb-client-artifact://ahb1omzyaao99q81lbauf6n45sz1ng1fddndxvlj2lgsbm99qj8no0r19wu1frt9ktvivjk7f4isj41qx084wor0ow5p1zspt4cli8lp2a6oq6m9wf5vtgsm2flq1bat:latest/summary_metrics.table.json","ncols":27,"_type":"table-file"},"train/regularizer/loss":0,"train/generator/grad_norm":0.10579387226477505,"_wandb":{"runtime":152},"_runtime":152,"_timestamp":1.7789342689259014e+09,"_step":27,"train/generator/adv_loss":0.0007573040951927299,"train/generator/weighted_energy_loss":0.009908831292050337,"train/generator/energy_loss":9.908831292050337,"train/generator/loss":0.010666135944382031,"train/critic/adv_loss":-0.0035598794258227696,"train/discriminator/grad_norm":0.024548958300927327,"train/critic/loss":-0.0007699426311516623}