{"_wandb":{"runtime":348},"_runtime":348,"summary_metrics":{"log_mode":"IMMUTABLE","path":"media/table/summary_metrics_26_a2c97bf8b39fcde65def.table.json","_type":"table-file","size":923,"sha256":"a2c97bf8b39fcde65defa4402dd70d884b7a7fe2284301edc860ec694ccb98ba","artifact_path":"wandb-client-artifact://g67e9cz3hzick8j1ttduhw0vcl7r7cs9dd9us0al0y050axy17excu8jwxvh7amzhae2n2911b2hrf54bdpu3c9hxogmyrn9a6otdeyqlqn6w9y3c09uitq72lgjragx/summary_metrics.table.json","ncols":21,"nrows":1,"_latest_artifact_path":"wandb-client-artifact://ver6davwzlgcaxxfram63r29gt0396htgt3x1tquhpa7ntxsvkqi8x9fiz2pbh6ixv36jyarzfsvyppgi2uye603cg0qe1cixdjmp1n7ybkrwmdodlrf65p8o5ijv5xn:latest/summary_metrics.table.json"},"train/critic/loss":-0.0013517082865195118,"train/generator/loss":0.0017499977124288578,"_step":27,"epoch":14,"train/generator/adv_loss":0.0017499977124288578,"train/regularizer/loss":0,"_timestamp":1.7776523854671474e+09,"train/discriminator/grad_norm":0.07471806602714937,"train/critic/adv_loss":-0.002368358182056133,"train/generator/grad_norm":0.03856725959717181}