{"train/generator/loss":0.0002206283568533875,"train/critic/loss":-0.0001789711051834495,"train/discriminator/grad_norm":0.020054254301638298,"train/generator/grad_norm":0.0014586627963401346,"_timestamp":1.774100065872805e+09,"train/generator/adv_loss":0.0002206283568533875,"train/regularizer/loss":0,"_wandb":{"runtime":43},"_runtime":43,"epoch":1,"_step":1,"summary_metrics":{"sha256":"7cd6efb2412931fa843a2f70903134257434dc75b2c6eaf9bd060b5ca4af9b5f","ncols":21,"nrows":1,"_latest_artifact_path":"wandb-client-artifact://nusn2tqipovviajhynmf1dsewz1k9h0xibn6cb0j7kgzvueg62xo3h0t3kqwtc7b57w589qqscr85y6jrqgtl3mhhvle3zezhqb8krtx1i4m5fznr8mxowd0xt3hdr7r:latest/summary_metrics.table.json","size":923,"log_mode":"IMMUTABLE","artifact_path":"wandb-client-artifact://jahhyr18610jtv8v01n1io2g40ic6jzdnu45cf9ymggvypzv0ry12vtqwy06fdqlin2q17kivl4o3b37ecztu1v17ikdghw4ktnb094y1b60ars0icp8nnwqkb4dqbo9/summary_metrics.table.json","path":"media/table/summary_metrics_0_7cd6efb2412931fa843a.table.json","_type":"table-file"},"train/critic/adv_loss":-0.00041228473250487876}